{"obs_mean": [202.56614971567518, -0.08369076149776639, 0.04506338318920435, 0.0], "obs_std": [4.629137644452405, 0.6820508591703004, 0.8047676885813223, 1.0], "wrf_mean": [266.0072937011719, 280.83526611328125, 289.5718078613281, 293.8917236328125, 46.97815704345703, 53.859745025634766, 64.10603332519531, 63.7531852722168, 9.294638633728027, 3.4435393810272217, 0.6964951157569885, -0.57997065782547, 0.08994251489639282, -0.07714074105024338, 0.7667194604873657, 1.4717297554016113, 99503.1953125, 70.06197357177734, -36.396812438964844, 420.6566162109375, 13.034756660461426, 296.578369140625, -1.0623401403427124, 0.5752928256988525, 0.0], "wrf_std": [4.740053176879883, 4.489968776702881, 4.815610408782959, 5.240869522094727, 32.005516052246094, 28.428203582763672, 23.901287078857422, 22.499595642089844, 8.221441268920898, 6.305299758911133, 5.817506790161133, 5.639592170715332, 6.04041862487793, 5.5834574699401855, 5.873311996459961, 6.249217987060547, 629.1668090820312, 18.1879940032959, 377.3724670410156, 702.7238159179688, 6.958526611328125, 6.00398588180542, 2.9665472507476807, 3.619387149810791, 1.0], "wrf_rect": [60, 261, 60, 261], "out_rect": [112, 205, 123, 240], "obs_latlon": [25, 40, 110, 125], "out_latlon": [30.65, 35.25, 116.2, 122.0], "input_size": [320, 320], "input_frames": 6, "wrf_names": {"pl": ["TMP", "RH", "EDA", "VV"], "sfc": ["SFPRES", "RH2M", "SRH", "CAPE", "WS6KM", "TMP2M", "EDA10M", "VV10M", "TP"]}, "wrf_levels": [50000, 70000, 85000, 92500], "out_degree": 0.05}